<?xml version="1.0"?>
<ScatterFile xmlns="http://schemas.microsoft.com/netmf/ScatterfileSchema.xsd">

    <!-- ################################################################################ -->


    <Set Name="Heap_Begin"      Value="0x08100000"/>
    <Set Name="Heap_End"        Value="0x084FFFFC"/>
    <Set Name="Stack_Bottom"    Value="0x08500000"/>
    <Set Name="Stack_Top"       Value="0x08502000"/>


    <!-- we start at 0x10080000 since PortBooter lives at 0x10000000 -->
    <!-- the address and sizes for both load regions (LR_*) are chosen to start and completely fill a flash partition in the 28F320W18 flash chip -->

    <NamedGroup Name="MEMORY">
      <LoadRegion Name="LR_%TARGETLOCATION%" Base="0x00000000" Size="0x60000"/>
      <LoadRegion Name="HEAP" Base="%Heap_Begin%" Size="%Heap_End - Heap_Begin% + 1"/>
      <LoadRegion Name="STACK" Base="%Stack_Bottom%" Size="%Stack_Top - Stack_Bottom% + 1"/>
    </NamedGroup>

    <EntryPoint Name="EntryPoint"/>

    <NamedGroup Name="SECTIONS">
      <ExecRegion Name="ER_RAM_RO" Align="0x10" Options="&gt;LR_%TARGETLOCATION%">
        <FileMapping Name="*" Options="(VectorsTrampolines)" />
        <FileMapping Name="*" Options="(i.EntryPoint)" />
        <FileMapping Name="*" Options="(SectionForBootstrapOperations)" />
        <FileMapping Name="*" Options="(.text*)" />
        <FileMapping Name="*" Options="(i.*)" />
        <FileMapping Name="*" Options="(.rodata*)" />
        <FileMapping Name="*" Options="(rodata)" />
        <FileMapping Name="*" Options="(.constdata*)" />
        <FileMapping Name="*" Options="(.conststring*)" />
        <FileMapping Name="*" Options="(SectionForFlashOperations)" />
        <FileMapping Name="*" Options="(SectionForConfig)" />

        <!-- libc thinks that it needs these routines, but they are never called -->
        <Include File="%SPOCLIENT%\Solutions\%PLATFORM%\scatterfile_gcc_missing_symbols.xml"/>
      </ExecRegion>

      <ExecRegion Name="ER_RAM_RW" Align="0x10"  Options="&gt;LR_%TARGETLOCATION%">
        <FileMapping Name="*" Options="(rwdata)" />        
        <FileMapping Name="*" Options="(.data*)" />
        <FileMapping Name="*" Options="(.zidata*)" />
        <FileMapping Name="*" Options="(g_PrimaryConfigManager)" />
      </ExecRegion>
      <ExecRegion Name=".bss" Align="0x10"  Options="&gt;LR_%TARGETLOCATION%">
        <FileMapping Name="*" Options="(.bss*)" />
        <FileMapping Name="PROVIDE(__exidx_start = .);" />
        <FileMapping Name="PROVIDE(__exidx_end = .);" />
      </ExecRegion>
      <ExecRegion Name="/DISCARD/">
        <FileMapping Name="*" Options="(.glue*)" />
        <FileMapping Name="*" Options="(.vfp11*)" />
        <FileMapping Name="*" Options="(.ARM.exidx*)" />
        <FileMapping Name="*" Options="(.ARM.extab*)" />
      </ExecRegion>
      <ExecRegion Name="ER_HEAP_BEGIN" Base="%Heap_Begin%">
        <FileMapping Name="*" Options="(SectionForHeapBegin)" />
      </ExecRegion>
      <ExecRegion Name="ER_HEAP_END" Base="%Heap_End%">
        <FileMapping Name="*" Options="(SectionForHeapEnd)" />
      </ExecRegion>
      <ExecRegion Name="ER_STACK_BOTTOM" Base="%Stack_Bottom%">
        <FileMapping Name="*" Options="(SectionForStackBottom)" />
      </ExecRegion>
      <ExecRegion Name="ER_STACK_TOP" Base="%Stack_Top%">
        <FileMapping Name="*" Options="(SectionForStackTop)" />
      </ExecRegion>
    </NamedGroup>

    <!-- The following variables are used to simulate the ones autogenerated by RVDS -->
    <GlobalVariable Name="Load$$ER_%TARGETLOCATION%$$Base"          Value="ADDR(ER_RAM_RO)"/>
    <GlobalVariable Name="Image$$ER_%TARGETLOCATION%$$Length"       Value="SIZEOF(ER_RAM_RO)"/>
    <GlobalVariable Name="Image$$ER_RAM_RO$$Base"                   Value="ADDR(ER_RAM_RO)"/>
    <GlobalVariable Name="Image$$ER_RAM_RO$$Length"                 Value="SIZEOF(ER_RAM_RO)"/>
    <GlobalVariable Name="Load$$ER_RAM_RO$$Base"                    Value="LOADADDR(ER_RAM_RO)"/>
    <GlobalVariable Name="Image$$ER_RAM_RW$$Base"                   Value="ADDR(ER_RAM_RW)"/>
    <GlobalVariable Name="Image$$ER_RAM_RW$$Length"                 Value="SIZEOF(ER_RAM_RW)"/>
    <GlobalVariable Name="Load$$ER_RAM_RW$$Base"                    Value="LOADADDR(ER_RAM_RO) + SIZEOF(ER_RAM_RO)"/>
    <GlobalVariable Name="Image$$ER_RAM_RW$$ZI$$Base"               Value="ADDR(.bss)"/>
    <GlobalVariable Name="Image$$ER_RAM_RW$$ZI$$Length"             Value="SIZEOF(.bss)"/>
    <GlobalVariable Name="__use_no_semihosting_swi"                 Value="0"/>

</ScatterFile>
